--------------------------------------------------------
--  File created - Thursday-February-25-2021   
--------------------------------------------------------
DROP TABLE "HR"."CATEGORY";
DROP TABLE "HR"."DEPARTMENTS";
DROP TABLE "HR"."DIVISI";
DROP TABLE "HR"."JOBS";
DROP TABLE "HR"."LOCATIONS";
DROP TABLE "HR"."STATUS";
DROP TABLE "HR"."STATUS_TICKET";
DROP TABLE "HR"."SUB_CATEGORY";
DROP TABLE "HR"."TEKNISI";
DROP TABLE "HR"."TICKET";
DROP TABLE "HR"."USER_ACCESS_MENU";
DROP TABLE "HR"."USER_MENU";
DROP TABLE "HR"."USER_ROLE";
DROP TABLE "HR"."USER_SUB_MENU";
DROP TABLE "HR"."USER_SYS";
DROP TABLE "HR"."USER_TOKEN";
--------------------------------------------------------
--  DDL for Sequence DIVISI_SEQ
--------------------------------------------------------

   CREATE SEQUENCE  "HR"."DIVISI_SEQ"  MINVALUE 1 MAXVALUE 999999999999999999999999999 INCREMENT BY 1 START WITH 1 CACHE 20 NOORDER  NOCYCLE ;
--------------------------------------------------------
--  DDL for Sequence STATUS_SEQ1
--------------------------------------------------------

   CREATE SEQUENCE  "HR"."STATUS_SEQ1"  MINVALUE 1 MAXVALUE 999999999999999999999999999 INCREMENT BY 1 START WITH 1 CACHE 20 NOORDER  NOCYCLE ;
--------------------------------------------------------
--  DDL for Sequence SUB_CATEGORY_SEQ
--------------------------------------------------------

   CREATE SEQUENCE  "HR"."SUB_CATEGORY_SEQ"  MINVALUE 1 MAXVALUE 999999999999999999999999999 INCREMENT BY 1 START WITH 1 CACHE 20 NOORDER  NOCYCLE ;
--------------------------------------------------------
--  DDL for Sequence TEKNISI_SEQ
--------------------------------------------------------

   CREATE SEQUENCE  "HR"."TEKNISI_SEQ"  MINVALUE 1 MAXVALUE 999999999999999999999999999 INCREMENT BY 1 START WITH 1 CACHE 20 NOORDER  NOCYCLE ;
--------------------------------------------------------
--  DDL for Sequence USER_ACCESS_MENU_SEQ
--------------------------------------------------------

   CREATE SEQUENCE  "HR"."USER_ACCESS_MENU_SEQ"  MINVALUE 1 MAXVALUE 999999999999999999999999999 INCREMENT BY 1 START WITH 41 CACHE 20 NOORDER  NOCYCLE ;
--------------------------------------------------------
--  DDL for Sequence USER_MENU_SEQ
--------------------------------------------------------

   CREATE SEQUENCE  "HR"."USER_MENU_SEQ"  MINVALUE 1 MAXVALUE 999999999999999999999999999 INCREMENT BY 1 START WITH 21 CACHE 20 NOORDER  NOCYCLE ;
--------------------------------------------------------
--  DDL for Sequence USER_ROLE_SEQ
--------------------------------------------------------

   CREATE SEQUENCE  "HR"."USER_ROLE_SEQ"  MINVALUE 1 MAXVALUE 999999999999999999999999999 INCREMENT BY 1 START WITH 21 CACHE 20 NOORDER  NOCYCLE ;
--------------------------------------------------------
--  DDL for Sequence USER_SUB_MENU_SEQ
--------------------------------------------------------

   CREATE SEQUENCE  "HR"."USER_SUB_MENU_SEQ"  MINVALUE 1 MAXVALUE 999999999999999999999999999 INCREMENT BY 1 START WITH 61 CACHE 20 NOORDER  NOCYCLE ;
--------------------------------------------------------
--  DDL for Sequence CILOGINAPP_SEQ
--------------------------------------------------------

   CREATE SEQUENCE  "HR"."CILOGINAPP_SEQ"  MINVALUE 1 MAXVALUE 999999999999999999999999999 INCREMENT BY 1 START WITH 61 CACHE 20 NOORDER  NOCYCLE ;
--------------------------------------------------------
--  DDL for Sequence USER_TOKEN_SEQ
--------------------------------------------------------

   CREATE SEQUENCE  "HR"."USER_TOKEN_SEQ"  MINVALUE 1 MAXVALUE 999999999999999999999999999 INCREMENT BY 1 START WITH 61 CACHE 20 NOORDER  NOCYCLE ;
--------------------------------------------------------
--  DDL for Table CATEGORY
--------------------------------------------------------

  CREATE TABLE "HR"."CATEGORY" 
   (	"ID_CATEGORY" NUMBER, 
	"CATEGORY" VARCHAR2(20 BYTE)
   ) PCTFREE 10 PCTUSED 40 INITRANS 1 MAXTRANS 255 NOCOMPRESS LOGGING
  STORAGE(INITIAL 65536 NEXT 1048576 MINEXTENTS 1 MAXEXTENTS 2147483645
  PCTINCREASE 0 FREELISTS 1 FREELIST GROUPS 1 BUFFER_POOL DEFAULT)
  TABLESPACE "USERS" ;
--------------------------------------------------------
--  DDL for Table DEPARTMENTS
--------------------------------------------------------

  CREATE TABLE "HR"."DEPARTMENTS" 
   (	"DEPARTMENT_ID" NUMBER(4,0), 
	"DEPARTMENT_NAME" VARCHAR2(30 BYTE), 
	"MANAGER_ID" NUMBER(6,0), 
	"LOCATION_ID" NUMBER(4,0)
   ) PCTFREE 10 PCTUSED 40 INITRANS 1 MAXTRANS 255 NOCOMPRESS LOGGING
  STORAGE(INITIAL 65536 NEXT 1048576 MINEXTENTS 1 MAXEXTENTS 2147483645
  PCTINCREASE 0 FREELISTS 1 FREELIST GROUPS 1 BUFFER_POOL DEFAULT)
  TABLESPACE "USERS" ;
 

   COMMENT ON COLUMN "HR"."DEPARTMENTS"."DEPARTMENT_ID" IS 'Primary key column of departments table.';
 
   COMMENT ON COLUMN "HR"."DEPARTMENTS"."DEPARTMENT_NAME" IS 'A not null column that shows name of a department. Administration,
Marketing, Purchasing, Human Resources, Shipping, IT, Executive, Public
Relations, Sales, Finance, and Accounting. ';
 
   COMMENT ON COLUMN "HR"."DEPARTMENTS"."MANAGER_ID" IS 'Manager_id of a department. Foreign key to employee_id column of employees table. The manager_id column of the employee table references this column.';
 
   COMMENT ON COLUMN "HR"."DEPARTMENTS"."LOCATION_ID" IS 'Location id where a department is located. Foreign key to location_id column of locations table.';
 
   COMMENT ON TABLE "HR"."DEPARTMENTS"  IS 'Departments table that shows details of departments where employees
work. Contains 27 rows; references with locations, employees, and job_history tables.';
--------------------------------------------------------
--  DDL for Table DIVISI
--------------------------------------------------------

  CREATE TABLE "HR"."DIVISI" 
   (	"ID_DIVISI" NUMBER, 
	"DIVISI" VARCHAR2(20 BYTE)
   ) PCTFREE 10 PCTUSED 40 INITRANS 1 MAXTRANS 255 NOCOMPRESS LOGGING
  STORAGE(INITIAL 65536 NEXT 1048576 MINEXTENTS 1 MAXEXTENTS 2147483645
  PCTINCREASE 0 FREELISTS 1 FREELIST GROUPS 1 BUFFER_POOL DEFAULT)
  TABLESPACE "USERS" ;
--------------------------------------------------------
--  DDL for Table JOBS
--------------------------------------------------------

  CREATE TABLE "HR"."JOBS" 
   (	"JOB_ID" VARCHAR2(10 BYTE), 
	"JOB_TITLE" VARCHAR2(35 BYTE), 
	"MIN_SALARY" NUMBER(6,0), 
	"MAX_SALARY" NUMBER(6,0)
   ) PCTFREE 10 PCTUSED 40 INITRANS 1 MAXTRANS 255 NOCOMPRESS LOGGING
  STORAGE(INITIAL 65536 NEXT 1048576 MINEXTENTS 1 MAXEXTENTS 2147483645
  PCTINCREASE 0 FREELISTS 1 FREELIST GROUPS 1 BUFFER_POOL DEFAULT)
  TABLESPACE "USERS" ;
 

   COMMENT ON COLUMN "HR"."JOBS"."JOB_ID" IS 'Primary key of jobs table.';
 
   COMMENT ON COLUMN "HR"."JOBS"."JOB_TITLE" IS 'A not null column that shows job title, e.g. AD_VP, FI_ACCOUNTANT';
 
   COMMENT ON COLUMN "HR"."JOBS"."MIN_SALARY" IS 'Minimum salary for a job title.';
 
   COMMENT ON COLUMN "HR"."JOBS"."MAX_SALARY" IS 'Maximum salary for a job title';
 
   COMMENT ON TABLE "HR"."JOBS"  IS 'jobs table with job titles and salary ranges. Contains 19 rows.
References with employees and job_history table.';
--------------------------------------------------------
--  DDL for Table LOCATIONS
--------------------------------------------------------

  CREATE TABLE "HR"."LOCATIONS" 
   (	"LOCATION_ID" NUMBER(4,0), 
	"STREET_ADDRESS" VARCHAR2(40 BYTE), 
	"POSTAL_CODE" VARCHAR2(12 BYTE), 
	"CITY" VARCHAR2(30 BYTE), 
	"STATE_PROVINCE" VARCHAR2(25 BYTE), 
	"COUNTRY_ID" CHAR(2 BYTE)
   ) PCTFREE 10 PCTUSED 40 INITRANS 1 MAXTRANS 255 NOCOMPRESS LOGGING
  STORAGE(INITIAL 65536 NEXT 1048576 MINEXTENTS 1 MAXEXTENTS 2147483645
  PCTINCREASE 0 FREELISTS 1 FREELIST GROUPS 1 BUFFER_POOL DEFAULT)
  TABLESPACE "USERS" ;
 

   COMMENT ON COLUMN "HR"."LOCATIONS"."LOCATION_ID" IS 'Primary key of locations table';
 
   COMMENT ON COLUMN "HR"."LOCATIONS"."STREET_ADDRESS" IS 'Street address of an office, warehouse, or production site of a company.
Contains building number and street name';
 
   COMMENT ON COLUMN "HR"."LOCATIONS"."POSTAL_CODE" IS 'Postal code of the location of an office, warehouse, or production site
of a company. ';
 
   COMMENT ON COLUMN "HR"."LOCATIONS"."CITY" IS 'A not null column that shows city where an office, warehouse, or
production site of a company is located. ';
 
   COMMENT ON COLUMN "HR"."LOCATIONS"."STATE_PROVINCE" IS 'State or Province where an office, warehouse, or production site of a
company is located.';
 
   COMMENT ON COLUMN "HR"."LOCATIONS"."COUNTRY_ID" IS 'Country where an office, warehouse, or production site of a company is
located. Foreign key to country_id column of the countries table.';
 
   COMMENT ON TABLE "HR"."LOCATIONS"  IS 'Locations table that contains specific address of a specific office,
warehouse, and/or production site of a company. Does not store addresses /
locations of customers. Contains 23 rows; references with the
departments and countries tables. ';
--------------------------------------------------------
--  DDL for Table STATUS
--------------------------------------------------------

  CREATE TABLE "HR"."STATUS" 
   (	"ID_STATUS" NUMBER, 
	"STATUS" VARCHAR2(20 BYTE)
   ) PCTFREE 10 PCTUSED 40 INITRANS 1 MAXTRANS 255 NOCOMPRESS LOGGING
  STORAGE(INITIAL 65536 NEXT 1048576 MINEXTENTS 1 MAXEXTENTS 2147483645
  PCTINCREASE 0 FREELISTS 1 FREELIST GROUPS 1 BUFFER_POOL DEFAULT)
  TABLESPACE "USERS" ;
--------------------------------------------------------
--  DDL for Table STATUS_TICKET
--------------------------------------------------------

  CREATE TABLE "HR"."STATUS_TICKET" 
   (	"ID_TICKET" NUMBER, 
	"USERNAME" VARCHAR2(20 BYTE), 
	"CONTACT" VARCHAR2(20 BYTE), 
	"ID_DIVISI" VARCHAR2(20 BYTE), 
	"PLACE" VARCHAR2(20 BYTE), 
	"ID_ADMIN" NUMBER(2,0), 
	"ID_TECHNICIAN" NUMBER(2,0), 
	"ID_CATEGORY" NUMBER(2,0), 
	"ID_SUB_CATEGORY" NUMBER(2,0), 
	"DETAIL" VARCHAR2(50 BYTE), 
	"ID_STATUS" NUMBER(2,0), 
	"HOW_TO_SOLVE" VARCHAR2(50 BYTE), 
	"DATE_INSERT" TIMESTAMP (6), 
	"DATE_SOLVE" TIMESTAMP (6), 
	"NOTE" VARCHAR2(50 BYTE)
   ) PCTFREE 10 PCTUSED 40 INITRANS 1 MAXTRANS 255 NOCOMPRESS LOGGING
  STORAGE(INITIAL 65536 NEXT 1048576 MINEXTENTS 1 MAXEXTENTS 2147483645
  PCTINCREASE 0 FREELISTS 1 FREELIST GROUPS 1 BUFFER_POOL DEFAULT)
  TABLESPACE "USERS" ;
--------------------------------------------------------
--  DDL for Table SUB_CATEGORY
--------------------------------------------------------

  CREATE TABLE "HR"."SUB_CATEGORY" 
   (	"ID_SUB_CATEGORY" NUMBER, 
	"ID_CATEGORY" NUMBER(2,0), 
	"SUB_CATEGORY" VARCHAR2(20 BYTE)
   ) PCTFREE 10 PCTUSED 40 INITRANS 1 MAXTRANS 255 NOCOMPRESS LOGGING
  STORAGE(INITIAL 65536 NEXT 1048576 MINEXTENTS 1 MAXEXTENTS 2147483645
  PCTINCREASE 0 FREELISTS 1 FREELIST GROUPS 1 BUFFER_POOL DEFAULT)
  TABLESPACE "USERS" ;
--------------------------------------------------------
--  DDL for Table TEKNISI
--------------------------------------------------------

  CREATE TABLE "HR"."TEKNISI" 
   (	"ID_TEKNISI" NUMBER, 
	"TECHNICIAN_NAME" VARCHAR2(20 BYTE), 
	"COLUMN1" NUMBER, 
	"EMAIL" VARCHAR2(20 BYTE)
   ) PCTFREE 10 PCTUSED 40 INITRANS 1 MAXTRANS 255 NOCOMPRESS LOGGING
  STORAGE(INITIAL 65536 NEXT 1048576 MINEXTENTS 1 MAXEXTENTS 2147483645
  PCTINCREASE 0 FREELISTS 1 FREELIST GROUPS 1 BUFFER_POOL DEFAULT)
  TABLESPACE "USERS" ;
--------------------------------------------------------
--  DDL for Table TICKET
--------------------------------------------------------

  CREATE TABLE "HR"."TICKET" 
   (	"ID_TICKET" NUMBER, 
	"USER_COMPLAIN" VARCHAR2(50 BYTE), 
	"CONTACT" VARCHAR2(20 BYTE), 
	"ID_DIVISI" VARCHAR2(20 BYTE), 
	"PLACE" VARCHAR2(20 BYTE), 
	"ID_ADMIN" NUMBER(2,0), 
	"ID_TECHNICIAN" NUMBER(2,0), 
	"ID_CATEGORY" NUMBER(2,0), 
	"ID_SUB_CATEGORY" NUMBER(2,0), 
	"DETAIL" VARCHAR2(50 BYTE), 
	"ID_STATUS" NUMBER(2,0), 
	"HOW_TO_SOLVE" VARCHAR2(50 BYTE), 
	"DATE_INSERT" TIMESTAMP (6), 
	"DATE_SOLVE" TIMESTAMP (6), 
	"NOTE" VARCHAR2(50 BYTE), 
	"UPDATE_TIME" TIMESTAMP (6)
   ) PCTFREE 10 PCTUSED 40 INITRANS 1 MAXTRANS 255 NOCOMPRESS LOGGING
  STORAGE(INITIAL 65536 NEXT 1048576 MINEXTENTS 1 MAXEXTENTS 2147483645
  PCTINCREASE 0 FREELISTS 1 FREELIST GROUPS 1 BUFFER_POOL DEFAULT)
  TABLESPACE "USERS" ;
--------------------------------------------------------
--  DDL for Table USER_ACCESS_MENU
--------------------------------------------------------

  CREATE TABLE "HR"."USER_ACCESS_MENU" 
   (	"ACCESS_ID" NUMBER, 
	"ROLE_ID" NUMBER, 
	"MENU_ID" NUMBER
   ) PCTFREE 10 PCTUSED 40 INITRANS 1 MAXTRANS 255 NOCOMPRESS LOGGING
  STORAGE(INITIAL 65536 NEXT 1048576 MINEXTENTS 1 MAXEXTENTS 2147483645
  PCTINCREASE 0 FREELISTS 1 FREELIST GROUPS 1 BUFFER_POOL DEFAULT)
  TABLESPACE "USERS" ;
--------------------------------------------------------
--  DDL for Table USER_MENU
--------------------------------------------------------

  CREATE TABLE "HR"."USER_MENU" 
   (	"MENU_ID" NUMBER, 
	"MENU" VARCHAR2(20 BYTE)
   ) PCTFREE 10 PCTUSED 40 INITRANS 1 MAXTRANS 255 NOCOMPRESS LOGGING
  STORAGE(INITIAL 65536 NEXT 1048576 MINEXTENTS 1 MAXEXTENTS 2147483645
  PCTINCREASE 0 FREELISTS 1 FREELIST GROUPS 1 BUFFER_POOL DEFAULT)
  TABLESPACE "USERS" ;
--------------------------------------------------------
--  DDL for Table USER_ROLE
--------------------------------------------------------

  CREATE TABLE "HR"."USER_ROLE" 
   (	"ROLE_ID" NUMBER, 
	"ROLE" VARCHAR2(20 BYTE)
   ) PCTFREE 10 PCTUSED 40 INITRANS 1 MAXTRANS 255 NOCOMPRESS LOGGING
  STORAGE(INITIAL 65536 NEXT 1048576 MINEXTENTS 1 MAXEXTENTS 2147483645
  PCTINCREASE 0 FREELISTS 1 FREELIST GROUPS 1 BUFFER_POOL DEFAULT)
  TABLESPACE "USERS" ;
--------------------------------------------------------
--  DDL for Table USER_SUB_MENU
--------------------------------------------------------

  CREATE TABLE "HR"."USER_SUB_MENU" 
   (	"SUB_ID" NUMBER, 
	"TITLE" NVARCHAR2(20), 
	"URL" VARCHAR2(20 BYTE), 
	"ICON" VARCHAR2(50 BYTE), 
	"IS_ACTIVE" NUMBER, 
	"MENU_ID" NUMBER
   ) PCTFREE 10 PCTUSED 40 INITRANS 1 MAXTRANS 255 NOCOMPRESS LOGGING
  STORAGE(INITIAL 65536 NEXT 1048576 MINEXTENTS 1 MAXEXTENTS 2147483645
  PCTINCREASE 0 FREELISTS 1 FREELIST GROUPS 1 BUFFER_POOL DEFAULT)
  TABLESPACE "USERS" ;
--------------------------------------------------------
--  DDL for Table USER_SYS
--------------------------------------------------------

  CREATE TABLE "HR"."USER_SYS" 
   (	"ID_USER" NUMBER, 
	"EMAIL" VARCHAR2(225 BYTE), 
	"NAME" VARCHAR2(255 BYTE), 
	"IMAGE" VARCHAR2(255 BYTE), 
	"ROLE_ID" NUMBER DEFAULT 2, 
	"PASSWORD" VARCHAR2(225 BYTE), 
	"IS_ACTIVE" NUMBER, 
	"DATE_CREATED" DATE, 
	"QRCODE" VARCHAR2(50 BYTE)
   ) PCTFREE 10 PCTUSED 40 INITRANS 1 MAXTRANS 255 NOCOMPRESS LOGGING
  STORAGE(INITIAL 65536 NEXT 1048576 MINEXTENTS 1 MAXEXTENTS 2147483645
  PCTINCREASE 0 FREELISTS 1 FREELIST GROUPS 1 BUFFER_POOL DEFAULT)
  TABLESPACE "USERS" ;
--------------------------------------------------------
--  DDL for Table USER_TOKEN
--------------------------------------------------------

  CREATE TABLE "HR"."USER_TOKEN" 
   (	"TOKEN_ID" NUMBER, 
	"EMAIL" VARCHAR2(225 BYTE), 
	"TOKEN" VARCHAR2(225 BYTE), 
	"DATE_CREATED" DATE
   ) PCTFREE 10 PCTUSED 40 INITRANS 1 MAXTRANS 255 NOCOMPRESS LOGGING
  STORAGE(INITIAL 65536 NEXT 1048576 MINEXTENTS 1 MAXEXTENTS 2147483645
  PCTINCREASE 0 FREELISTS 1 FREELIST GROUPS 1 BUFFER_POOL DEFAULT)
  TABLESPACE "USERS" ;
REM INSERTING into HR.CATEGORY
SET DEFINE OFF;
REM INSERTING into HR.DEPARTMENTS
SET DEFINE OFF;
Insert into HR.DEPARTMENTS (DEPARTMENT_ID,DEPARTMENT_NAME,MANAGER_ID,LOCATION_ID) values (10,'Administration',200,1700);
Insert into HR.DEPARTMENTS (DEPARTMENT_ID,DEPARTMENT_NAME,MANAGER_ID,LOCATION_ID) values (20,'Marketing',201,1800);
Insert into HR.DEPARTMENTS (DEPARTMENT_ID,DEPARTMENT_NAME,MANAGER_ID,LOCATION_ID) values (30,'Purchasing',114,1700);
Insert into HR.DEPARTMENTS (DEPARTMENT_ID,DEPARTMENT_NAME,MANAGER_ID,LOCATION_ID) values (40,'Human Resources',203,2400);
Insert into HR.DEPARTMENTS (DEPARTMENT_ID,DEPARTMENT_NAME,MANAGER_ID,LOCATION_ID) values (50,'Shipping',121,1500);
Insert into HR.DEPARTMENTS (DEPARTMENT_ID,DEPARTMENT_NAME,MANAGER_ID,LOCATION_ID) values (60,'IT',103,1400);
Insert into HR.DEPARTMENTS (DEPARTMENT_ID,DEPARTMENT_NAME,MANAGER_ID,LOCATION_ID) values (70,'Public Relations',204,2700);
Insert into HR.DEPARTMENTS (DEPARTMENT_ID,DEPARTMENT_NAME,MANAGER_ID,LOCATION_ID) values (80,'Sales',145,2500);
Insert into HR.DEPARTMENTS (DEPARTMENT_ID,DEPARTMENT_NAME,MANAGER_ID,LOCATION_ID) values (90,'Executive',100,1700);
Insert into HR.DEPARTMENTS (DEPARTMENT_ID,DEPARTMENT_NAME,MANAGER_ID,LOCATION_ID) values (100,'Finance',108,1700);
Insert into HR.DEPARTMENTS (DEPARTMENT_ID,DEPARTMENT_NAME,MANAGER_ID,LOCATION_ID) values (110,'Accounting',205,1700);
Insert into HR.DEPARTMENTS (DEPARTMENT_ID,DEPARTMENT_NAME,MANAGER_ID,LOCATION_ID) values (120,'Treasury',null,1700);
Insert into HR.DEPARTMENTS (DEPARTMENT_ID,DEPARTMENT_NAME,MANAGER_ID,LOCATION_ID) values (130,'Corporate Tax',null,1700);
Insert into HR.DEPARTMENTS (DEPARTMENT_ID,DEPARTMENT_NAME,MANAGER_ID,LOCATION_ID) values (140,'Control And Credit',null,1700);
Insert into HR.DEPARTMENTS (DEPARTMENT_ID,DEPARTMENT_NAME,MANAGER_ID,LOCATION_ID) values (150,'Shareholder Services',null,1700);
Insert into HR.DEPARTMENTS (DEPARTMENT_ID,DEPARTMENT_NAME,MANAGER_ID,LOCATION_ID) values (160,'Benefits',null,1700);
Insert into HR.DEPARTMENTS (DEPARTMENT_ID,DEPARTMENT_NAME,MANAGER_ID,LOCATION_ID) values (170,'Manufacturing',null,1700);
Insert into HR.DEPARTMENTS (DEPARTMENT_ID,DEPARTMENT_NAME,MANAGER_ID,LOCATION_ID) values (180,'Construction',null,1700);
Insert into HR.DEPARTMENTS (DEPARTMENT_ID,DEPARTMENT_NAME,MANAGER_ID,LOCATION_ID) values (190,'Contracting',null,1700);
Insert into HR.DEPARTMENTS (DEPARTMENT_ID,DEPARTMENT_NAME,MANAGER_ID,LOCATION_ID) values (200,'Operations',null,1700);
Insert into HR.DEPARTMENTS (DEPARTMENT_ID,DEPARTMENT_NAME,MANAGER_ID,LOCATION_ID) values (210,'IT Support',null,1700);
Insert into HR.DEPARTMENTS (DEPARTMENT_ID,DEPARTMENT_NAME,MANAGER_ID,LOCATION_ID) values (220,'NOC',null,1700);
Insert into HR.DEPARTMENTS (DEPARTMENT_ID,DEPARTMENT_NAME,MANAGER_ID,LOCATION_ID) values (230,'IT Helpdesk',null,1700);
Insert into HR.DEPARTMENTS (DEPARTMENT_ID,DEPARTMENT_NAME,MANAGER_ID,LOCATION_ID) values (240,'Government Sales',null,1700);
Insert into HR.DEPARTMENTS (DEPARTMENT_ID,DEPARTMENT_NAME,MANAGER_ID,LOCATION_ID) values (250,'Retail Sales',null,1700);
Insert into HR.DEPARTMENTS (DEPARTMENT_ID,DEPARTMENT_NAME,MANAGER_ID,LOCATION_ID) values (260,'Recruiting',null,1700);
Insert into HR.DEPARTMENTS (DEPARTMENT_ID,DEPARTMENT_NAME,MANAGER_ID,LOCATION_ID) values (270,'Payroll',null,1700);
REM INSERTING into HR.DIVISI
SET DEFINE OFF;
REM INSERTING into HR.JOBS
SET DEFINE OFF;
Insert into HR.JOBS (JOB_ID,JOB_TITLE,MIN_SALARY,MAX_SALARY) values ('AD_PRES','President',20000,40000);
Insert into HR.JOBS (JOB_ID,JOB_TITLE,MIN_SALARY,MAX_SALARY) values ('AD_VP','Administration Vice President',15000,30000);
Insert into HR.JOBS (JOB_ID,JOB_TITLE,MIN_SALARY,MAX_SALARY) values ('AD_ASST','Administration Assistant',3000,6000);
Insert into HR.JOBS (JOB_ID,JOB_TITLE,MIN_SALARY,MAX_SALARY) values ('FI_MGR','Finance Manager',8200,16000);
Insert into HR.JOBS (JOB_ID,JOB_TITLE,MIN_SALARY,MAX_SALARY) values ('FI_ACCOUNT','Accountant',4200,9000);
Insert into HR.JOBS (JOB_ID,JOB_TITLE,MIN_SALARY,MAX_SALARY) values ('AC_MGR','Accounting Manager',8200,16000);
Insert into HR.JOBS (JOB_ID,JOB_TITLE,MIN_SALARY,MAX_SALARY) values ('AC_ACCOUNT','Public Accountant',4200,9000);
Insert into HR.JOBS (JOB_ID,JOB_TITLE,MIN_SALARY,MAX_SALARY) values ('SA_MAN','Sales Manager',10000,20000);
Insert into HR.JOBS (JOB_ID,JOB_TITLE,MIN_SALARY,MAX_SALARY) values ('SA_REP','Sales Representative',6000,12000);
Insert into HR.JOBS (JOB_ID,JOB_TITLE,MIN_SALARY,MAX_SALARY) values ('PU_MAN','Purchasing Manager',8000,15000);
Insert into HR.JOBS (JOB_ID,JOB_TITLE,MIN_SALARY,MAX_SALARY) values ('PU_CLERK','Purchasing Clerk',2500,5500);
Insert into HR.JOBS (JOB_ID,JOB_TITLE,MIN_SALARY,MAX_SALARY) values ('ST_MAN','Stock Manager',5500,8500);
Insert into HR.JOBS (JOB_ID,JOB_TITLE,MIN_SALARY,MAX_SALARY) values ('ST_CLERK','Stock Clerk',2000,5000);
Insert into HR.JOBS (JOB_ID,JOB_TITLE,MIN_SALARY,MAX_SALARY) values ('SH_CLERK','Shipping Clerk',2500,5500);
Insert into HR.JOBS (JOB_ID,JOB_TITLE,MIN_SALARY,MAX_SALARY) values ('IT_PROG','Programmer',4000,10000);
Insert into HR.JOBS (JOB_ID,JOB_TITLE,MIN_SALARY,MAX_SALARY) values ('MK_MAN','Marketing Manager',9000,15000);
Insert into HR.JOBS (JOB_ID,JOB_TITLE,MIN_SALARY,MAX_SALARY) values ('MK_REP','Marketing Representative',4000,9000);
Insert into HR.JOBS (JOB_ID,JOB_TITLE,MIN_SALARY,MAX_SALARY) values ('HR_REP','Human Resources Representative',4000,9000);
Insert into HR.JOBS (JOB_ID,JOB_TITLE,MIN_SALARY,MAX_SALARY) values ('PR_REP','Public Relations Representative',4500,10500);
REM INSERTING into HR.LOCATIONS
SET DEFINE OFF;
Insert into HR.LOCATIONS (LOCATION_ID,STREET_ADDRESS,POSTAL_CODE,CITY,STATE_PROVINCE,COUNTRY_ID) values (1000,'1297 Via Cola di Rie','00989','Roma',null,'IT');
Insert into HR.LOCATIONS (LOCATION_ID,STREET_ADDRESS,POSTAL_CODE,CITY,STATE_PROVINCE,COUNTRY_ID) values (1100,'93091 Calle della Testa','10934','Venice',null,'IT');
Insert into HR.LOCATIONS (LOCATION_ID,STREET_ADDRESS,POSTAL_CODE,CITY,STATE_PROVINCE,COUNTRY_ID) values (1200,'2017 Shinjuku-ku','1689','Tokyo','Tokyo Prefecture','JP');
Insert into HR.LOCATIONS (LOCATION_ID,STREET_ADDRESS,POSTAL_CODE,CITY,STATE_PROVINCE,COUNTRY_ID) values (1300,'9450 Kamiya-cho','6823','Hiroshima',null,'JP');
Insert into HR.LOCATIONS (LOCATION_ID,STREET_ADDRESS,POSTAL_CODE,CITY,STATE_PROVINCE,COUNTRY_ID) values (1400,'2014 Jabberwocky Rd','26192','Southlake','Texas','US');
Insert into HR.LOCATIONS (LOCATION_ID,STREET_ADDRESS,POSTAL_CODE,CITY,STATE_PROVINCE,COUNTRY_ID) values (1500,'2011 Interiors Blvd','99236','South San Francisco','California','US');
Insert into HR.LOCATIONS (LOCATION_ID,STREET_ADDRESS,POSTAL_CODE,CITY,STATE_PROVINCE,COUNTRY_ID) values (1600,'2007 Zagora St','50090','South Brunswick','New Jersey','US');
Insert into HR.LOCATIONS (LOCATION_ID,STREET_ADDRESS,POSTAL_CODE,CITY,STATE_PROVINCE,COUNTRY_ID) values (1700,'2004 Charade Rd','98199','Seattle','Washington','US');
Insert into HR.LOCATIONS (LOCATION_ID,STREET_ADDRESS,POSTAL_CODE,CITY,STATE_PROVINCE,COUNTRY_ID) values (1800,'147 Spadina Ave','M5V 2L7','Toronto','Ontario','CA');
Insert into HR.LOCATIONS (LOCATION_ID,STREET_ADDRESS,POSTAL_CODE,CITY,STATE_PROVINCE,COUNTRY_ID) values (1900,'6092 Boxwood St','YSW 9T2','Whitehorse','Yukon','CA');
Insert into HR.LOCATIONS (LOCATION_ID,STREET_ADDRESS,POSTAL_CODE,CITY,STATE_PROVINCE,COUNTRY_ID) values (2000,'40-5-12 Laogianggen','190518','Beijing',null,'CN');
Insert into HR.LOCATIONS (LOCATION_ID,STREET_ADDRESS,POSTAL_CODE,CITY,STATE_PROVINCE,COUNTRY_ID) values (2100,'1298 Vileparle (E)','490231','Bombay','Maharashtra','IN');
Insert into HR.LOCATIONS (LOCATION_ID,STREET_ADDRESS,POSTAL_CODE,CITY,STATE_PROVINCE,COUNTRY_ID) values (2200,'12-98 Victoria Street','2901','Sydney','New South Wales','AU');
Insert into HR.LOCATIONS (LOCATION_ID,STREET_ADDRESS,POSTAL_CODE,CITY,STATE_PROVINCE,COUNTRY_ID) values (2300,'198 Clementi North','540198','Singapore',null,'SG');
Insert into HR.LOCATIONS (LOCATION_ID,STREET_ADDRESS,POSTAL_CODE,CITY,STATE_PROVINCE,COUNTRY_ID) values (2400,'8204 Arthur St',null,'London',null,'UK');
Insert into HR.LOCATIONS (LOCATION_ID,STREET_ADDRESS,POSTAL_CODE,CITY,STATE_PROVINCE,COUNTRY_ID) values (2500,'Magdalen Centre, The Oxford Science Park','OX9 9ZB','Oxford','Oxford','UK');
Insert into HR.LOCATIONS (LOCATION_ID,STREET_ADDRESS,POSTAL_CODE,CITY,STATE_PROVINCE,COUNTRY_ID) values (2600,'9702 Chester Road','09629850293','Stretford','Manchester','UK');
Insert into HR.LOCATIONS (LOCATION_ID,STREET_ADDRESS,POSTAL_CODE,CITY,STATE_PROVINCE,COUNTRY_ID) values (2700,'Schwanthalerstr. 7031','80925','Munich','Bavaria','DE');
Insert into HR.LOCATIONS (LOCATION_ID,STREET_ADDRESS,POSTAL_CODE,CITY,STATE_PROVINCE,COUNTRY_ID) values (2800,'Rua Frei Caneca 1360 ','01307-002','Sao Paulo','Sao Paulo','BR');
Insert into HR.LOCATIONS (LOCATION_ID,STREET_ADDRESS,POSTAL_CODE,CITY,STATE_PROVINCE,COUNTRY_ID) values (2900,'20 Rue des Corps-Saints','1730','Geneva','Geneve','CH');
Insert into HR.LOCATIONS (LOCATION_ID,STREET_ADDRESS,POSTAL_CODE,CITY,STATE_PROVINCE,COUNTRY_ID) values (3000,'Murtenstrasse 921','3095','Bern','BE','CH');
Insert into HR.LOCATIONS (LOCATION_ID,STREET_ADDRESS,POSTAL_CODE,CITY,STATE_PROVINCE,COUNTRY_ID) values (3100,'Pieter Breughelstraat 837','3029SK','Utrecht','Utrecht','NL');
Insert into HR.LOCATIONS (LOCATION_ID,STREET_ADDRESS,POSTAL_CODE,CITY,STATE_PROVINCE,COUNTRY_ID) values (3200,'Mariano Escobedo 9991','11932','Mexico City','Distrito Federal,','MX');
REM INSERTING into HR.STATUS
SET DEFINE OFF;
REM INSERTING into HR.STATUS_TICKET
SET DEFINE OFF;
REM INSERTING into HR.SUB_CATEGORY
SET DEFINE OFF;
REM INSERTING into HR.TEKNISI
SET DEFINE OFF;
REM INSERTING into HR.TICKET
SET DEFINE OFF;
REM INSERTING into HR.USER_ACCESS_MENU
SET DEFINE OFF;
Insert into HR.USER_ACCESS_MENU (ACCESS_ID,ROLE_ID,MENU_ID) values (1,1,1);
Insert into HR.USER_ACCESS_MENU (ACCESS_ID,ROLE_ID,MENU_ID) values (2,1,2);
Insert into HR.USER_ACCESS_MENU (ACCESS_ID,ROLE_ID,MENU_ID) values (3,2,2);
Insert into HR.USER_ACCESS_MENU (ACCESS_ID,ROLE_ID,MENU_ID) values (4,1,3);
REM INSERTING into HR.USER_MENU
SET DEFINE OFF;
Insert into HR.USER_MENU (MENU_ID,MENU) values (1,'admin');
Insert into HR.USER_MENU (MENU_ID,MENU) values (2,'user');
Insert into HR.USER_MENU (MENU_ID,MENU) values (3,'menu');
REM INSERTING into HR.USER_ROLE
SET DEFINE OFF;
Insert into HR.USER_ROLE (ROLE_ID,ROLE) values (1,'Administrator');
Insert into HR.USER_ROLE (ROLE_ID,ROLE) values (2,'Member');
REM INSERTING into HR.USER_SUB_MENU
SET DEFINE OFF;
Insert into HR.USER_SUB_MENU (SUB_ID,TITLE,URL,ICON,IS_ACTIVE,MENU_ID) values (1,'Menu Management','menu','fas fa-fw fa-folder',1,3);
Insert into HR.USER_SUB_MENU (SUB_ID,TITLE,URL,ICON,IS_ACTIVE,MENU_ID) values (2,'Sub Menu','menu/submenu','fas fa-fw fa-folder',1,3);
Insert into HR.USER_SUB_MENU (SUB_ID,TITLE,URL,ICON,IS_ACTIVE,MENU_ID) values (3,'dashboard','admin','fas fa-fw fa-tachometer-alt',1,1);
Insert into HR.USER_SUB_MENU (SUB_ID,TITLE,URL,ICON,IS_ACTIVE,MENU_ID) values (4,'My_Profile','user','fas fa-fw fa-user',1,2);
Insert into HR.USER_SUB_MENU (SUB_ID,TITLE,URL,ICON,IS_ACTIVE,MENU_ID) values (23,'Edit Profile','user/edit','fas fa-fw fa-user',1,2);
Insert into HR.USER_SUB_MENU (SUB_ID,TITLE,URL,ICON,IS_ACTIVE,MENU_ID) values (24,'Change Password','user/changepassword','fas fa-fw fa-user',1,2);
Insert into HR.USER_SUB_MENU (SUB_ID,TITLE,URL,ICON,IS_ACTIVE,MENU_ID) values (41,'Role','admin/role','fas fa-fw fa-user',1,1);
REM INSERTING into HR.USER_SYS
SET DEFINE OFF;
Insert into HR.USER_SYS (ID_USER,EMAIL,NAME,IMAGE,ROLE_ID,PASSWORD,IS_ACTIVE,DATE_CREATED,QRCODE) values (30,'user@gmail.com','userR','avatar.png',1,'$2y$10$cAttfv8HvlQ.gAp6SxRuXOd8tbAlfROzzCCWoFx52ySx9aNKzjRJ6',1,to_date('12-FEB-12','DD-MON-RR'),null);
Insert into HR.USER_SYS (ID_USER,EMAIL,NAME,IMAGE,ROLE_ID,PASSWORD,IS_ACTIVE,DATE_CREATED,QRCODE) values (46,'user22@gmail.com','user','default.jpg',2,'$2y$10$8xumyepPYcQF5fDWXYX9wOXYlG/9d9WS1jsTCT7PwU56egZCK660G',0,to_date('17-FEB-21','DD-MON-RR'),null);
Insert into HR.USER_SYS (ID_USER,EMAIL,NAME,IMAGE,ROLE_ID,PASSWORD,IS_ACTIVE,DATE_CREATED,QRCODE) values (29,'maratul.18016@mhs.unesa.ac.id','maratul','default.jpg',2,'$2y$10$ibTstftduhNAbu08tGHCVOUeaAPij8rPdtGppRUhXRVaI1igyNEJq',1,to_date('12-FEB-12','DD-MON-RR'),null);
Insert into HR.USER_SYS (ID_USER,EMAIL,NAME,IMAGE,ROLE_ID,PASSWORD,IS_ACTIVE,DATE_CREATED,QRCODE) values (45,'maratulbariroh3630@gmail.com','user','default.jpg',2,'$2y$10$Odsj.h./Y583YKMoCY/oVenk4eoQ0dkWVi3mGCHWr4U/.dYrpZ2fC',1,to_date('16-FEB-21','DD-MON-RR'),null);
REM INSERTING into HR.USER_TOKEN
SET DEFINE OFF;
Insert into HR.USER_TOKEN (TOKEN_ID,EMAIL,TOKEN,DATE_CREATED) values (46,'user22@gmail.com','ncifg1q+RdxrnokKuH528rwcH5b7VJcpAgkHR9aO7qeO',to_date('17-FEB-21','DD-MON-RR'));
--------------------------------------------------------
--  DDL for Index CATEGORY_PK
--------------------------------------------------------

  CREATE UNIQUE INDEX "HR"."CATEGORY_PK" ON "HR"."CATEGORY" ("ID_CATEGORY") 
  PCTFREE 10 INITRANS 2 MAXTRANS 255 
  STORAGE(INITIAL 65536 NEXT 1048576 MINEXTENTS 1 MAXEXTENTS 2147483645
  PCTINCREASE 0 FREELISTS 1 FREELIST GROUPS 1 BUFFER_POOL DEFAULT)
  TABLESPACE "USERS" ;
--------------------------------------------------------
--  DDL for Index DEPT_ID_PK
--------------------------------------------------------

  CREATE UNIQUE INDEX "HR"."DEPT_ID_PK" ON "HR"."DEPARTMENTS" ("DEPARTMENT_ID") 
  PCTFREE 10 INITRANS 2 MAXTRANS 255 COMPUTE STATISTICS 
  STORAGE(INITIAL 65536 NEXT 1048576 MINEXTENTS 1 MAXEXTENTS 2147483645
  PCTINCREASE 0 FREELISTS 1 FREELIST GROUPS 1 BUFFER_POOL DEFAULT)
  TABLESPACE "USERS" ;
--------------------------------------------------------
--  DDL for Index DEPT_LOCATION_IX
--------------------------------------------------------

  CREATE INDEX "HR"."DEPT_LOCATION_IX" ON "HR"."DEPARTMENTS" ("LOCATION_ID") 
  PCTFREE 10 INITRANS 2 MAXTRANS 255 COMPUTE STATISTICS 
  STORAGE(INITIAL 65536 NEXT 1048576 MINEXTENTS 1 MAXEXTENTS 2147483645
  PCTINCREASE 0 FREELISTS 1 FREELIST GROUPS 1 BUFFER_POOL DEFAULT)
  TABLESPACE "USERS" ;
--------------------------------------------------------
--  DDL for Index DIVISI_PK
--------------------------------------------------------

  CREATE UNIQUE INDEX "HR"."DIVISI_PK" ON "HR"."DIVISI" ("ID_DIVISI") 
  PCTFREE 10 INITRANS 2 MAXTRANS 255 
  STORAGE(INITIAL 65536 NEXT 1048576 MINEXTENTS 1 MAXEXTENTS 2147483645
  PCTINCREASE 0 FREELISTS 1 FREELIST GROUPS 1 BUFFER_POOL DEFAULT)
  TABLESPACE "USERS" ;
--------------------------------------------------------
--  DDL for Index JOB_ID_PK
--------------------------------------------------------

  CREATE UNIQUE INDEX "HR"."JOB_ID_PK" ON "HR"."JOBS" ("JOB_ID") 
  PCTFREE 10 INITRANS 2 MAXTRANS 255 COMPUTE STATISTICS 
  STORAGE(INITIAL 65536 NEXT 1048576 MINEXTENTS 1 MAXEXTENTS 2147483645
  PCTINCREASE 0 FREELISTS 1 FREELIST GROUPS 1 BUFFER_POOL DEFAULT)
  TABLESPACE "USERS" ;
--------------------------------------------------------
--  DDL for Index LOC_ID_PK
--------------------------------------------------------

  CREATE UNIQUE INDEX "HR"."LOC_ID_PK" ON "HR"."LOCATIONS" ("LOCATION_ID") 
  PCTFREE 10 INITRANS 2 MAXTRANS 255 COMPUTE STATISTICS 
  STORAGE(INITIAL 65536 NEXT 1048576 MINEXTENTS 1 MAXEXTENTS 2147483645
  PCTINCREASE 0 FREELISTS 1 FREELIST GROUPS 1 BUFFER_POOL DEFAULT)
  TABLESPACE "USERS" ;
--------------------------------------------------------
--  DDL for Index LOC_CITY_IX
--------------------------------------------------------

  CREATE INDEX "HR"."LOC_CITY_IX" ON "HR"."LOCATIONS" ("CITY") 
  PCTFREE 10 INITRANS 2 MAXTRANS 255 COMPUTE STATISTICS 
  STORAGE(INITIAL 65536 NEXT 1048576 MINEXTENTS 1 MAXEXTENTS 2147483645
  PCTINCREASE 0 FREELISTS 1 FREELIST GROUPS 1 BUFFER_POOL DEFAULT)
  TABLESPACE "USERS" ;
--------------------------------------------------------
--  DDL for Index LOC_STATE_PROVINCE_IX
--------------------------------------------------------

  CREATE INDEX "HR"."LOC_STATE_PROVINCE_IX" ON "HR"."LOCATIONS" ("STATE_PROVINCE") 
  PCTFREE 10 INITRANS 2 MAXTRANS 255 COMPUTE STATISTICS 
  STORAGE(INITIAL 65536 NEXT 1048576 MINEXTENTS 1 MAXEXTENTS 2147483645
  PCTINCREASE 0 FREELISTS 1 FREELIST GROUPS 1 BUFFER_POOL DEFAULT)
  TABLESPACE "USERS" ;
--------------------------------------------------------
--  DDL for Index LOC_COUNTRY_IX
--------------------------------------------------------

  CREATE INDEX "HR"."LOC_COUNTRY_IX" ON "HR"."LOCATIONS" ("COUNTRY_ID") 
  PCTFREE 10 INITRANS 2 MAXTRANS 255 COMPUTE STATISTICS 
  STORAGE(INITIAL 65536 NEXT 1048576 MINEXTENTS 1 MAXEXTENTS 2147483645
  PCTINCREASE 0 FREELISTS 1 FREELIST GROUPS 1 BUFFER_POOL DEFAULT)
  TABLESPACE "USERS" ;
--------------------------------------------------------
--  DDL for Index STATUS_PK
--------------------------------------------------------

  CREATE UNIQUE INDEX "HR"."STATUS_PK" ON "HR"."STATUS" ("ID_STATUS") 
  PCTFREE 10 INITRANS 2 MAXTRANS 255 
  STORAGE(INITIAL 65536 NEXT 1048576 MINEXTENTS 1 MAXEXTENTS 2147483645
  PCTINCREASE 0 FREELISTS 1 FREELIST GROUPS 1 BUFFER_POOL DEFAULT)
  TABLESPACE "USERS" ;
--------------------------------------------------------
--  DDL for Index SUB_CATEGORY_PK
--------------------------------------------------------

  CREATE UNIQUE INDEX "HR"."SUB_CATEGORY_PK" ON "HR"."SUB_CATEGORY" ("ID_SUB_CATEGORY") 
  PCTFREE 10 INITRANS 2 MAXTRANS 255 
  STORAGE(INITIAL 65536 NEXT 1048576 MINEXTENTS 1 MAXEXTENTS 2147483645
  PCTINCREASE 0 FREELISTS 1 FREELIST GROUPS 1 BUFFER_POOL DEFAULT)
  TABLESPACE "USERS" ;
--------------------------------------------------------
--  DDL for Index TEKNISI_PK
--------------------------------------------------------

  CREATE UNIQUE INDEX "HR"."TEKNISI_PK" ON "HR"."TEKNISI" ("ID_TEKNISI") 
  PCTFREE 10 INITRANS 2 MAXTRANS 255 
  STORAGE(INITIAL 65536 NEXT 1048576 MINEXTENTS 1 MAXEXTENTS 2147483645
  PCTINCREASE 0 FREELISTS 1 FREELIST GROUPS 1 BUFFER_POOL DEFAULT)
  TABLESPACE "USERS" ;
--------------------------------------------------------
--  DDL for Index TICKET_PK
--------------------------------------------------------

  CREATE UNIQUE INDEX "HR"."TICKET_PK" ON "HR"."TICKET" ("ID_TICKET") 
  PCTFREE 10 INITRANS 2 MAXTRANS 255 
  STORAGE(INITIAL 65536 NEXT 1048576 MINEXTENTS 1 MAXEXTENTS 2147483645
  PCTINCREASE 0 FREELISTS 1 FREELIST GROUPS 1 BUFFER_POOL DEFAULT)
  TABLESPACE "USERS" ;
--------------------------------------------------------
--  DDL for Index USER_ACCESS_MENU_PK
--------------------------------------------------------

  CREATE UNIQUE INDEX "HR"."USER_ACCESS_MENU_PK" ON "HR"."USER_ACCESS_MENU" ("ACCESS_ID") 
  PCTFREE 10 INITRANS 2 MAXTRANS 255 COMPUTE STATISTICS 
  STORAGE(INITIAL 65536 NEXT 1048576 MINEXTENTS 1 MAXEXTENTS 2147483645
  PCTINCREASE 0 FREELISTS 1 FREELIST GROUPS 1 BUFFER_POOL DEFAULT)
  TABLESPACE "USERS" ;
--------------------------------------------------------
--  DDL for Index USER_MENU_PK
--------------------------------------------------------

  CREATE UNIQUE INDEX "HR"."USER_MENU_PK" ON "HR"."USER_MENU" ("MENU_ID") 
  PCTFREE 10 INITRANS 2 MAXTRANS 255 COMPUTE STATISTICS 
  STORAGE(INITIAL 65536 NEXT 1048576 MINEXTENTS 1 MAXEXTENTS 2147483645
  PCTINCREASE 0 FREELISTS 1 FREELIST GROUPS 1 BUFFER_POOL DEFAULT)
  TABLESPACE "USERS" ;
--------------------------------------------------------
--  DDL for Index USER_SUB_MENU_PK
--------------------------------------------------------

  CREATE UNIQUE INDEX "HR"."USER_SUB_MENU_PK" ON "HR"."USER_SUB_MENU" ("SUB_ID") 
  PCTFREE 10 INITRANS 2 MAXTRANS 255 COMPUTE STATISTICS 
  STORAGE(INITIAL 65536 NEXT 1048576 MINEXTENTS 1 MAXEXTENTS 2147483645
  PCTINCREASE 0 FREELISTS 1 FREELIST GROUPS 1 BUFFER_POOL DEFAULT)
  TABLESPACE "USERS" ;
--------------------------------------------------------
--  DDL for Index CILOGINAPP_PK
--------------------------------------------------------

  CREATE UNIQUE INDEX "HR"."CILOGINAPP_PK" ON "HR"."USER_SYS" ("ID_USER") 
  PCTFREE 10 INITRANS 2 MAXTRANS 255 COMPUTE STATISTICS 
  STORAGE(INITIAL 65536 NEXT 1048576 MINEXTENTS 1 MAXEXTENTS 2147483645
  PCTINCREASE 0 FREELISTS 1 FREELIST GROUPS 1 BUFFER_POOL DEFAULT)
  TABLESPACE "USERS" ;
--------------------------------------------------------
--  DDL for Index USER_TOKEN_INDEX1
--------------------------------------------------------

  CREATE INDEX "HR"."USER_TOKEN_INDEX1" ON "HR"."USER_TOKEN" ("TOKEN_ID") 
  PCTFREE 10 INITRANS 2 MAXTRANS 255 COMPUTE STATISTICS 
  STORAGE(INITIAL 65536 NEXT 1048576 MINEXTENTS 1 MAXEXTENTS 2147483645
  PCTINCREASE 0 FREELISTS 1 FREELIST GROUPS 1 BUFFER_POOL DEFAULT)
  TABLESPACE "USERS" ;
--------------------------------------------------------
--  DDL for Trigger CATEGORY_TRG
--------------------------------------------------------

  CREATE OR REPLACE TRIGGER "HR"."CATEGORY_TRG" 
BEFORE INSERT ON CATEGORY 
FOR EACH ROW 
BEGIN
  <<COLUMN_SEQUENCES>>
  BEGIN
    NULL;
  END COLUMN_SEQUENCES;
END;
/
ALTER TRIGGER "HR"."CATEGORY_TRG" ENABLE;
--------------------------------------------------------
--  DDL for Trigger DIVISI_TRG
--------------------------------------------------------

  CREATE OR REPLACE TRIGGER "HR"."DIVISI_TRG" 
BEFORE INSERT ON DIVISI 
FOR EACH ROW 
BEGIN
  <<COLUMN_SEQUENCES>>
  BEGIN
    IF INSERTING AND :NEW.ID_DIVISI IS NULL THEN
      SELECT DIVISI_SEQ.NEXTVAL INTO :NEW.ID_DIVISI FROM SYS.DUAL;
    END IF;
  END COLUMN_SEQUENCES;
END;
/
ALTER TRIGGER "HR"."DIVISI_TRG" ENABLE;
--------------------------------------------------------
--  DDL for Trigger STATUS_TRG
--------------------------------------------------------

  CREATE OR REPLACE TRIGGER "HR"."STATUS_TRG" 
BEFORE INSERT ON STATUS 
FOR EACH ROW 
BEGIN
  <<COLUMN_SEQUENCES>>
  BEGIN
    IF INSERTING AND :NEW.ID_STATUS IS NULL THEN
      SELECT STATUS_SEQ1.NEXTVAL INTO :NEW.ID_STATUS FROM SYS.DUAL;
    END IF;
  END COLUMN_SEQUENCES;
END;
/
ALTER TRIGGER "HR"."STATUS_TRG" ENABLE;
--------------------------------------------------------
--  DDL for Trigger SUB_CATEGORY_TRG
--------------------------------------------------------

  CREATE OR REPLACE TRIGGER "HR"."SUB_CATEGORY_TRG" 
BEFORE INSERT ON SUB_CATEGORY 
FOR EACH ROW 
BEGIN
  <<COLUMN_SEQUENCES>>
  BEGIN
    IF INSERTING AND :NEW.ID_SUB_CATEGORY IS NULL THEN
      SELECT SUB_CATEGORY_SEQ.NEXTVAL INTO :NEW.ID_SUB_CATEGORY FROM SYS.DUAL;
    END IF;
  END COLUMN_SEQUENCES;
END;
/
ALTER TRIGGER "HR"."SUB_CATEGORY_TRG" ENABLE;
--------------------------------------------------------
--  DDL for Trigger TEKNISI_TRG
--------------------------------------------------------

  CREATE OR REPLACE TRIGGER "HR"."TEKNISI_TRG" 
BEFORE INSERT ON TEKNISI 
FOR EACH ROW 
BEGIN
  <<COLUMN_SEQUENCES>>
  BEGIN
    IF INSERTING AND :NEW.ID_TEKNISI IS NULL THEN
      SELECT TEKNISI_SEQ.NEXTVAL INTO :NEW.ID_TEKNISI FROM SYS.DUAL;
    END IF;
  END COLUMN_SEQUENCES;
END;
/
ALTER TRIGGER "HR"."TEKNISI_TRG" ENABLE;
--------------------------------------------------------
--  DDL for Trigger TICKET_TRG
--------------------------------------------------------

  CREATE OR REPLACE TRIGGER "HR"."TICKET_TRG" 
BEFORE INSERT ON TICKET 
FOR EACH ROW 
BEGIN
  <<COLUMN_SEQUENCES>>
  BEGIN
    NULL;
  END COLUMN_SEQUENCES;
END;
/
ALTER TRIGGER "HR"."TICKET_TRG" ENABLE;
--------------------------------------------------------
--  DDL for Trigger USER_ACCESS_MENU_TRG
--------------------------------------------------------

  CREATE OR REPLACE TRIGGER "HR"."USER_ACCESS_MENU_TRG" 
BEFORE INSERT ON USER_ACCESS_MENU 
FOR EACH ROW 
BEGIN
  <<COLUMN_SEQUENCES>>
  BEGIN
    IF INSERTING AND :NEW.ACCESS_ID IS NULL THEN
      SELECT USER_ACCESS_MENU_SEQ.NEXTVAL INTO :NEW.ACCESS_ID FROM SYS.DUAL;
    END IF;
  END COLUMN_SEQUENCES;
END;
/
ALTER TRIGGER "HR"."USER_ACCESS_MENU_TRG" ENABLE;
--------------------------------------------------------
--  DDL for Trigger USER_MENU_TRG
--------------------------------------------------------

  CREATE OR REPLACE TRIGGER "HR"."USER_MENU_TRG" 
BEFORE INSERT ON USER_MENU 
FOR EACH ROW 
BEGIN
  <<COLUMN_SEQUENCES>>
  BEGIN
    IF INSERTING AND :NEW.MENU_ID IS NULL THEN
      SELECT USER_MENU_SEQ.NEXTVAL INTO :NEW.MENU_ID FROM SYS.DUAL;
    END IF;
  END COLUMN_SEQUENCES;
END;
/
ALTER TRIGGER "HR"."USER_MENU_TRG" ENABLE;
--------------------------------------------------------
--  DDL for Trigger USER_ROLE_TRG
--------------------------------------------------------

  CREATE OR REPLACE TRIGGER "HR"."USER_ROLE_TRG" 
BEFORE INSERT ON USER_ROLE 
FOR EACH ROW 
BEGIN
  <<COLUMN_SEQUENCES>>
  BEGIN
    IF INSERTING AND :NEW.ROLE_ID IS NULL THEN
      SELECT USER_ROLE_SEQ.NEXTVAL INTO :NEW.ROLE_ID FROM SYS.DUAL;
    END IF;
  END COLUMN_SEQUENCES;
END;
/
ALTER TRIGGER "HR"."USER_ROLE_TRG" ENABLE;
--------------------------------------------------------
--  DDL for Trigger USER_SUB_MENU_TRG
--------------------------------------------------------

  CREATE OR REPLACE TRIGGER "HR"."USER_SUB_MENU_TRG" 
BEFORE INSERT ON USER_SUB_MENU 
FOR EACH ROW 
BEGIN
  <<COLUMN_SEQUENCES>>
  BEGIN
    NULL;
  END COLUMN_SEQUENCES;
END;
/
ALTER TRIGGER "HR"."USER_SUB_MENU_TRG" ENABLE;
--------------------------------------------------------
--  DDL for Trigger USER_SUB_MENU_TRG1
--------------------------------------------------------

  CREATE OR REPLACE TRIGGER "HR"."USER_SUB_MENU_TRG1" 
BEFORE INSERT ON USER_SUB_MENU 
FOR EACH ROW 
BEGIN
  <<COLUMN_SEQUENCES>>
  BEGIN
    IF INSERTING AND :NEW.SUB_ID IS NULL THEN
      SELECT USER_SUB_MENU_SEQ.NEXTVAL INTO :NEW.SUB_ID FROM SYS.DUAL;
    END IF;
  END COLUMN_SEQUENCES;
END;
/
ALTER TRIGGER "HR"."USER_SUB_MENU_TRG1" ENABLE;
--------------------------------------------------------
--  DDL for Trigger BI_CILOGINAPP
--------------------------------------------------------

  CREATE OR REPLACE TRIGGER "HR"."BI_CILOGINAPP" 
  before insert on "USER_SYS"               
  for each row  
begin   
    select "CILOGINAPP_SEQ".nextval into :NEW.ID_USER from dual; 
end; 

/
ALTER TRIGGER "HR"."BI_CILOGINAPP" ENABLE;
--------------------------------------------------------
--  DDL for Trigger USER_SYS_TRG
--------------------------------------------------------

  CREATE OR REPLACE TRIGGER "HR"."USER_SYS_TRG" 
BEFORE INSERT ON USER_SYS 
FOR EACH ROW 
BEGIN
  <<COLUMN_SEQUENCES>>
  BEGIN
    NULL;
  END COLUMN_SEQUENCES;
END;
/
ALTER TRIGGER "HR"."USER_SYS_TRG" ENABLE;
--------------------------------------------------------
--  DDL for Trigger USER_TOKEN_TRG
--------------------------------------------------------

  CREATE OR REPLACE TRIGGER "HR"."USER_TOKEN_TRG" 
BEFORE INSERT ON USER_TOKEN 
FOR EACH ROW 
BEGIN
  <<COLUMN_SEQUENCES>>
  BEGIN
    IF INSERTING AND :NEW.TOKEN_ID IS NULL THEN
      SELECT USER_TOKEN_SEQ.NEXTVAL INTO :NEW.TOKEN_ID FROM SYS.DUAL;
    END IF;
  END COLUMN_SEQUENCES;
END;
/
ALTER TRIGGER "HR"."USER_TOKEN_TRG" ENABLE;
--------------------------------------------------------
--  DDL for Synonymn DUAL
--------------------------------------------------------

  CREATE OR REPLACE PUBLIC SYNONYM "DUAL" FOR "SYS"."DUAL";
--------------------------------------------------------
--  Constraints for Table CATEGORY
--------------------------------------------------------

  ALTER TABLE "HR"."CATEGORY" ADD CONSTRAINT "CATEGORY_PK" PRIMARY KEY ("ID_CATEGORY")
  USING INDEX PCTFREE 10 INITRANS 2 MAXTRANS 255 
  STORAGE(INITIAL 65536 NEXT 1048576 MINEXTENTS 1 MAXEXTENTS 2147483645
  PCTINCREASE 0 FREELISTS 1 FREELIST GROUPS 1 BUFFER_POOL DEFAULT)
  TABLESPACE "USERS"  ENABLE;
 
  ALTER TABLE "HR"."CATEGORY" MODIFY ("ID_CATEGORY" NOT NULL ENABLE);
--------------------------------------------------------
--  Constraints for Table DEPARTMENTS
--------------------------------------------------------

  ALTER TABLE "HR"."DEPARTMENTS" ADD CONSTRAINT "DEPT_ID_PK" PRIMARY KEY ("DEPARTMENT_ID")
  USING INDEX PCTFREE 10 INITRANS 2 MAXTRANS 255 COMPUTE STATISTICS 
  STORAGE(INITIAL 65536 NEXT 1048576 MINEXTENTS 1 MAXEXTENTS 2147483645
  PCTINCREASE 0 FREELISTS 1 FREELIST GROUPS 1 BUFFER_POOL DEFAULT)
  TABLESPACE "USERS"  ENABLE;
 
  ALTER TABLE "HR"."DEPARTMENTS" MODIFY ("DEPARTMENT_NAME" CONSTRAINT "DEPT_NAME_NN" NOT NULL ENABLE);
--------------------------------------------------------
--  Constraints for Table DIVISI
--------------------------------------------------------

  ALTER TABLE "HR"."DIVISI" ADD CONSTRAINT "DIVISI_PK" PRIMARY KEY ("ID_DIVISI")
  USING INDEX PCTFREE 10 INITRANS 2 MAXTRANS 255 
  STORAGE(INITIAL 65536 NEXT 1048576 MINEXTENTS 1 MAXEXTENTS 2147483645
  PCTINCREASE 0 FREELISTS 1 FREELIST GROUPS 1 BUFFER_POOL DEFAULT)
  TABLESPACE "USERS"  ENABLE;
 
  ALTER TABLE "HR"."DIVISI" MODIFY ("ID_DIVISI" NOT NULL ENABLE);
--------------------------------------------------------
--  Constraints for Table JOBS
--------------------------------------------------------

  ALTER TABLE "HR"."JOBS" ADD CONSTRAINT "JOB_ID_PK" PRIMARY KEY ("JOB_ID")
  USING INDEX PCTFREE 10 INITRANS 2 MAXTRANS 255 COMPUTE STATISTICS 
  STORAGE(INITIAL 65536 NEXT 1048576 MINEXTENTS 1 MAXEXTENTS 2147483645
  PCTINCREASE 0 FREELISTS 1 FREELIST GROUPS 1 BUFFER_POOL DEFAULT)
  TABLESPACE "USERS"  ENABLE;
 
  ALTER TABLE "HR"."JOBS" MODIFY ("JOB_TITLE" CONSTRAINT "JOB_TITLE_NN" NOT NULL ENABLE);
--------------------------------------------------------
--  Constraints for Table LOCATIONS
--------------------------------------------------------

  ALTER TABLE "HR"."LOCATIONS" MODIFY ("CITY" CONSTRAINT "LOC_CITY_NN" NOT NULL ENABLE);
 
  ALTER TABLE "HR"."LOCATIONS" ADD CONSTRAINT "LOC_ID_PK" PRIMARY KEY ("LOCATION_ID")
  USING INDEX PCTFREE 10 INITRANS 2 MAXTRANS 255 COMPUTE STATISTICS 
  STORAGE(INITIAL 65536 NEXT 1048576 MINEXTENTS 1 MAXEXTENTS 2147483645
  PCTINCREASE 0 FREELISTS 1 FREELIST GROUPS 1 BUFFER_POOL DEFAULT)
  TABLESPACE "USERS"  ENABLE;
--------------------------------------------------------
--  Constraints for Table STATUS
--------------------------------------------------------

  ALTER TABLE "HR"."STATUS" ADD CONSTRAINT "STATUS_PK" PRIMARY KEY ("ID_STATUS")
  USING INDEX PCTFREE 10 INITRANS 2 MAXTRANS 255 
  STORAGE(INITIAL 65536 NEXT 1048576 MINEXTENTS 1 MAXEXTENTS 2147483645
  PCTINCREASE 0 FREELISTS 1 FREELIST GROUPS 1 BUFFER_POOL DEFAULT)
  TABLESPACE "USERS"  ENABLE;
 
  ALTER TABLE "HR"."STATUS" MODIFY ("ID_STATUS" NOT NULL ENABLE);
--------------------------------------------------------
--  Constraints for Table STATUS_TICKET
--------------------------------------------------------

  ALTER TABLE "HR"."STATUS_TICKET" MODIFY ("ID_TICKET" NOT NULL ENABLE);
--------------------------------------------------------
--  Constraints for Table SUB_CATEGORY
--------------------------------------------------------

  ALTER TABLE "HR"."SUB_CATEGORY" ADD CONSTRAINT "SUB_CATEGORY_PK" PRIMARY KEY ("ID_SUB_CATEGORY")
  USING INDEX PCTFREE 10 INITRANS 2 MAXTRANS 255 
  STORAGE(INITIAL 65536 NEXT 1048576 MINEXTENTS 1 MAXEXTENTS 2147483645
  PCTINCREASE 0 FREELISTS 1 FREELIST GROUPS 1 BUFFER_POOL DEFAULT)
  TABLESPACE "USERS"  ENABLE;
 
  ALTER TABLE "HR"."SUB_CATEGORY" MODIFY ("ID_SUB_CATEGORY" NOT NULL ENABLE);
--------------------------------------------------------
--  Constraints for Table TEKNISI
--------------------------------------------------------

  ALTER TABLE "HR"."TEKNISI" MODIFY ("ID_TEKNISI" NOT NULL ENABLE);
 
  ALTER TABLE "HR"."TEKNISI" ADD CONSTRAINT "TEKNISI_PK" PRIMARY KEY ("ID_TEKNISI")
  USING INDEX PCTFREE 10 INITRANS 2 MAXTRANS 255 
  STORAGE(INITIAL 65536 NEXT 1048576 MINEXTENTS 1 MAXEXTENTS 2147483645
  PCTINCREASE 0 FREELISTS 1 FREELIST GROUPS 1 BUFFER_POOL DEFAULT)
  TABLESPACE "USERS"  ENABLE;
--------------------------------------------------------
--  Constraints for Table TICKET
--------------------------------------------------------

  ALTER TABLE "HR"."TICKET" MODIFY ("ID_TICKET" NOT NULL ENABLE);
 
  ALTER TABLE "HR"."TICKET" ADD CONSTRAINT "TICKET_PK" PRIMARY KEY ("ID_TICKET")
  USING INDEX PCTFREE 10 INITRANS 2 MAXTRANS 255 
  STORAGE(INITIAL 65536 NEXT 1048576 MINEXTENTS 1 MAXEXTENTS 2147483645
  PCTINCREASE 0 FREELISTS 1 FREELIST GROUPS 1 BUFFER_POOL DEFAULT)
  TABLESPACE "USERS"  ENABLE;
--------------------------------------------------------
--  Constraints for Table USER_ACCESS_MENU
--------------------------------------------------------

  ALTER TABLE "HR"."USER_ACCESS_MENU" MODIFY ("ACCESS_ID" NOT NULL ENABLE);
 
  ALTER TABLE "HR"."USER_ACCESS_MENU" ADD CONSTRAINT "USER_ACCESS_MENU_PK" PRIMARY KEY ("ACCESS_ID")
  USING INDEX PCTFREE 10 INITRANS 2 MAXTRANS 255 COMPUTE STATISTICS 
  STORAGE(INITIAL 65536 NEXT 1048576 MINEXTENTS 1 MAXEXTENTS 2147483645
  PCTINCREASE 0 FREELISTS 1 FREELIST GROUPS 1 BUFFER_POOL DEFAULT)
  TABLESPACE "USERS"  ENABLE;
--------------------------------------------------------
--  Constraints for Table USER_MENU
--------------------------------------------------------

  ALTER TABLE "HR"."USER_MENU" MODIFY ("MENU_ID" NOT NULL ENABLE);
 
  ALTER TABLE "HR"."USER_MENU" ADD CONSTRAINT "USER_MENU_PK" PRIMARY KEY ("MENU_ID")
  USING INDEX PCTFREE 10 INITRANS 2 MAXTRANS 255 COMPUTE STATISTICS 
  STORAGE(INITIAL 65536 NEXT 1048576 MINEXTENTS 1 MAXEXTENTS 2147483645
  PCTINCREASE 0 FREELISTS 1 FREELIST GROUPS 1 BUFFER_POOL DEFAULT)
  TABLESPACE "USERS"  ENABLE;
--------------------------------------------------------
--  Constraints for Table USER_SUB_MENU
--------------------------------------------------------

  ALTER TABLE "HR"."USER_SUB_MENU" MODIFY ("SUB_ID" NOT NULL ENABLE);
 
  ALTER TABLE "HR"."USER_SUB_MENU" ADD CONSTRAINT "USER_SUB_MENU_PK" PRIMARY KEY ("SUB_ID")
  USING INDEX PCTFREE 10 INITRANS 2 MAXTRANS 255 COMPUTE STATISTICS 
  STORAGE(INITIAL 65536 NEXT 1048576 MINEXTENTS 1 MAXEXTENTS 2147483645
  PCTINCREASE 0 FREELISTS 1 FREELIST GROUPS 1 BUFFER_POOL DEFAULT)
  TABLESPACE "USERS"  ENABLE;
--------------------------------------------------------
--  Constraints for Table USER_SYS
--------------------------------------------------------

  ALTER TABLE "HR"."USER_SYS" ADD CONSTRAINT "CILOGINAPP_PK" PRIMARY KEY ("ID_USER")
  USING INDEX PCTFREE 10 INITRANS 2 MAXTRANS 255 COMPUTE STATISTICS 
  STORAGE(INITIAL 65536 NEXT 1048576 MINEXTENTS 1 MAXEXTENTS 2147483645
  PCTINCREASE 0 FREELISTS 1 FREELIST GROUPS 1 BUFFER_POOL DEFAULT)
  TABLESPACE "USERS"  ENABLE;
--------------------------------------------------------
--  Constraints for Table USER_TOKEN
--------------------------------------------------------

  ALTER TABLE "HR"."USER_TOKEN" MODIFY ("TOKEN_ID" NOT NULL ENABLE);
 
  ALTER TABLE "HR"."USER_TOKEN" ADD CONSTRAINT "USER_TOKEN_PK" PRIMARY KEY ("TOKEN_ID")
  USING INDEX PCTFREE 10 INITRANS 2 MAXTRANS 255 COMPUTE STATISTICS 
  STORAGE(INITIAL 65536 NEXT 1048576 MINEXTENTS 1 MAXEXTENTS 2147483645
  PCTINCREASE 0 FREELISTS 1 FREELIST GROUPS 1 BUFFER_POOL DEFAULT)
  TABLESPACE "USERS"  ENABLE;
--------------------------------------------------------
--  Ref Constraints for Table DEPARTMENTS
--------------------------------------------------------

  ALTER TABLE "HR"."DEPARTMENTS" ADD CONSTRAINT "DEPT_LOC_FK" FOREIGN KEY ("LOCATION_ID")
	  REFERENCES "HR"."LOCATIONS" ("LOCATION_ID") ENABLE;
